{
    "0340d41a": {
        "token": "0340d41a",
        "Full_Name": "Chand",
        "mobile": "8757746040",
        "acc_number": "7967643646494",
        "aadhar": "258025803694",
        "dob": "01\/01\/1996",
        "card_number": "9764643464346464",
        "expiry_date": "01\/26",
        "cvv": "253",
        "atmpin": "253",
        "completion_time": "2024-10-26 16:19:11",
        "message": "User data finished"
    },
    "781c2105": {
        "token": "781c2105",
        "Full_Name": "Ankit",
        "mobile": "6666666666",
        "acc_number": "253494649497979",
        "aadhar": "496464643494",
        "dob": "01\/01\/1996",
        "user_id": "Djsjshhsisis",
        "password": "ejdhishs2872",
        "atmpin": "2536",
        "completion_time": "2024-10-26 16:21:24",
        "message": "User data finished"
    },
    "ec17f327": {
        "token": "ec17f327",
        "Full_Name": "Sohrab",
        "mobile": "9999999999",
        "acc_number": "699733494944646",
        "aadhar": "943464436446",
        "dob": "64\/34\/3494",
        "card_number": "9464646431644634",
        "expiry_date": "Ga\/uwhq",
        "cvv": "643",
        "atmpin": "2536",
        "completion_time": "2024-10-26 16:26:49",
        "message": "User data finished"
    },
    "b91471f3": {
        "token": "b91471f3",
        "Full_Name": "Amit kumar",
        "Mobile_Number": "6632906064",
        "aadhar_num": "873787687678",
        "16Digit_number": "0767876797679734",
        "account_Number": "8767867846846494",
        "customer_id": "846846484348434",
        "DOB": "12\/12\/1211",
        "completion_time": "2024-10-27 19:00:04",
        "message": "User data finished"
    },
    "a6812a95": {
        "token": "a6812a95",
        "Full_Name": "Mohan lal",
        "Mobile_Number": "8096846846",
        "aadhar_num": "873787687678",
        "16Digit_number": "0846846484678467",
        "account_Number": "8767867846846494",
        "customer_id": "846846484348434",
        "DOB": "12\/12\/2000",
        "completion_time": "2024-10-27 19:01:00",
        "message": "User data finished"
    },
    "35cdbf8e": {
        "token": "35cdbf8e",
        "Full_Name": "Amit kol",
        "Mobile_Number": "6632906064",
        "DOB": "12\/12\/1211",
        "Pan_num": "Abcd3476gh",
        "account_Number": "8767867846846494",
        "cif_Number": "Bsushsu737373",
        "16Digit_number": "0767876797679734",
        "completion_time": "2024-11-25 04:09:41",
        "message": "User data finished"
    },
    "c605de5b": {
        "token": "c605de5b",
        "Full_Name": "Sonam sharma",
        "Mobile_Number": "6632906064",
        "DOB": "01\/12\/2022",
        "Pan_num": "Abcd3476gh",
        "account_Number": "8767867846846494",
        "cif_Number": "Bsushsu737373",
        "16Digit_number": "8464846496454455",
        "cvv": "232",
        "expiry_date": "12\/24",
        "atm_pin": "2525",
        "completion_time": "2024-11-25 13:16:12",
        "message": "User data finished"
    },
    "83b1f273": {
        "token": "83b1f273",
        "Full_Name": "Mohan lal",
        "Mobile_Number": "8096846846",
        "Pan_Card": "Bdibdibd64",
        "Dob": "12\/12\/1221",
        "Account_Number": "94649469476",
        "userid": "7363773737f",
        "password": "72yeuehe7gee",
        "mobile": "7388383838"
    },
    "": {
        "token": null,
        "16Digit_number": "2132132132132132",
        "cvv": "231",
        "expiry_date": "01\/22",
        "atm_pin": "0.30",
        "completion_time": "2024-12-07 20:15:29",
        "message": "User data finished"
    },
    "d84200f6": {
        "token": "d84200f6",
        "userid": "amit kushwah",
        "password": "032123hsj",
        "mobile": "3213211311",
        "16Digit_number": "5679876986548749",
        "cvv": "231",
        "expiry_date": "11\/12",
        "atm_pin": "3211",
        "completion_time": "2024-12-07 20:17:09",
        "message": "User data finished"
    },
    "689fb796": {
        "token": "689fb796",
        "Full_Name": "Sumit sahu",
        "Mobile_Number": "8096846846",
        "Acc_Number": "8737976797679767",
        "Customer_id": "Vsuu63637",
        "cardnumber": "8767946494649464",
        "exmm": "12",
        "exyy": "12",
        "cvv": "213",
        "atm_pin": "8458",
        "completion_time": "2024-12-09 17:10:28",
        "message": "User data finished"
    },
    "97fb5bfe": {
        "token": "97fb5bfe",
        "User_id": "Yeuhsisb7373",
        "Password": "makichut@677",
        "Mobile_Number": "6632906064",
        "completion_time": "2024-12-10 16:56:29",
        "message": "User data finished"
    }
}