[
    {
        "sender_number": "+918305495240",
        "message": "Hi.",
        "timestamp": "2024-10-25 04:17:59"
    },
    {
        "sender_number": "+918305495240",
        "message": "Hi.",
        "timestamp": "2024-10-25 04:23:11"
    },
    {
        "sender_number": "+918305495240",
        "message": "Hi.",
        "timestamp": "2024-10-25 04:23:12"
    },
    {
        "sender_number": "+919501921902",
        "message": "Standing Instruction SI_D16743365 in A\/c XXXXXXXX07119769 of           4000.00INR FAILED on 25-10-2024 07:05:54 as per particulars Insufficient Balance-PNB.",
        "timestamp": "2024-10-25 04:24:45"
    }
]